algorithm,ari,cost_ratio_vs_kmeans,cost_sse,d,dataset,extra__algorithm,extra__avg_update_ms,extra__beta,extra__c2,extra__chunk_size,extra__coreset_factor,extra__coreset_per_round,extra__cost_is_approx,extra__d,extra__dimension,extra__eps,extra__final_lower_bound,extra__final_summary_size,extra__gamma,extra__levels_used,extra__m_factor,extra__m_summary,extra__max_chunk_summary_size,extra__mode,extra__num_phases,extra__peak_mem_bytes,extra__phase_summaries,extra__points_seen,extra__r,extra__repeat_factor,extra__repetitions,extra__stream_is_single_pass,extra__summary_points,extra__summary_size,extra__throughput_pts_per_sec,k,memory,n,nmi,quality_loss_pct_vs_kmeans,runtime_sec,seed,stream_model,sweep_id
KMeans(sk),0.99703,1.0,398998.6875,10.0,blobs,,,,,,,,,,,,,,,,,,,,,6768569.0,,10000.0,,,,,,,378795.05295,8.0,440320.0,10000.0,0.99588,0.0,0.02639,42.0,insertion-only,Kmeans_sweep
[Ailon2009] Streaming k-means,0.98573,1.62347,647762.875,10.0,blobs,Ailon2009 tuned (no refinement),31.0674,,,8192.0,1.0,3.0,,,,,,,,,,,24.0,,,2460734.0,,10000.0,,1.0,10.0,,,48.0,157358.39314,8.0,2304.0,10000.0,0.98367,62.34711,0.06354,42.0,insertion-only,Kmeans_sweep
[Boutsidis2014] RandomProj Streaming,0.83999,1.19736,477746.94304,10.0,blobs,,7.37005,,2.0,8192.0,,,0.0,10.0,,2.5,,,,,,,,batch_stream_wrapper,,2180939.0,,10000.0,10.0,,,0.0,,,484357.66864,8.0,1424.0,10000.0,0.90814,19.73646,0.02064,42.0,insertion-only,Kmeans_sweep
[Guha2002] Streaming k-means,0.99703,1.0,399001.4556,10.0,blobs,,41.92385,,,8192.0,,,,,,,,,,1.0,2.0,32.0,,,,2822160.0,,10000.0,,,,,32.0,,104015.30272,8.0,2816.0,10000.0,0.99588,0.00069,0.09613,42.0,insertion-only,Kmeans_sweep
[Charikar2003] PLS KMeans,0.99658,1.00535,401136.29044,10.0,blobs,,1.03737,3.0,,8192.0,,,,,10.0,,32348.48012,686.0,0.5,,,,,,2.0,10994701.0,"[{'phase': 1, 'Li': 19.581640314925057, 'raw_start_index': 0, 'raw_consumed': 4901, 'summary_in_size': 0, 'summary_out_size': 4901, 'chunk_size': 8192, 'facility_cost': 0.23972805510810366, 'median_limit': 4901, 'cost_limit': 1174.8984188955035, 'winner_processed_items': 4901, 'winner_raw_points_read': 4901, 'winner_num_centers': 4901, 'winner_cost': 0.0, 'num_parallel_runs': 19}, {'phase': 2, 'Li': 32348.48012022368, 'raw_start_index': 4901, 'raw_consumed': 5099, 'summary_in_size': 4901, 'summary_out_size': 686, 'chunk_size': 8192, 'facility_cost': 396.0259763843006, 'median_limit': 4901, 'cost_limit': 1940908.807213421, 'winner_processed_items': 10000, 'winner_raw_points_read': 5099, 'winner_num_centers': 686, 'winner_cost': 268279.44095311896, 'num_parallel_runs': 19}]",10000.0,,,,,,,963.97544,8.0,60368.0,10000.0,0.99519,0.53574,10.3737,42.0,insertion-only,Kmeans_sweep
KMeans(sk),0.83207,1.0,479142.46875,10.0,blobs,,,,,,,,,,,,,,,,,,,,,6763864.0,,10000.0,,,,,,,219044.61511,8.0,440320.0,10000.0,0.93243,0.0,0.04565,77.0,insertion-only,Kmeans_sweep
[Ailon2009] Streaming k-means,0.81614,1.61572,774161.5,10.0,blobs,Ailon2009 tuned (no refinement),47.10034,,,8192.0,1.0,3.0,,,,,,,,,,,24.0,,,2460446.0,,10000.0,,1.0,10.0,,,48.0,103500.0616,8.0,2304.0,10000.0,0.90948,61.57229,0.09661,77.0,insertion-only,Kmeans_sweep
[Boutsidis2014] RandomProj Streaming,0.806,1.00307,480616.19256,10.0,blobs,,11.3788,,2.0,8192.0,,,0.0,10.0,,2.5,,,,,,,,batch_stream_wrapper,,2179544.0,,10000.0,10.0,,,0.0,,,322846.21223,8.0,1424.0,10000.0,0.89867,0.30757,0.03097,77.0,insertion-only,Kmeans_sweep
[Guha2002] Streaming k-means,0.99681,0.83274,399002.42078,10.0,blobs,,76.81265,,,8192.0,,,,,,,,,,1.0,2.0,32.0,,,,2819938.0,,10000.0,,,,,32.0,,58073.99904,8.0,2816.0,10000.0,0.99562,-16.72572,0.17219,77.0,insertion-only,Kmeans_sweep
[Charikar2003] PLS KMeans,0.99635,0.83914,402070.75688,10.0,blobs,,1.11577,3.0,,8192.0,,,,,10.0,,32348.48012,694.0,0.5,,,,,,2.0,10994618.0,"[{'phase': 1, 'Li': 19.581640314925057, 'raw_start_index': 0, 'raw_consumed': 4901, 'summary_in_size': 0, 'summary_out_size': 4901, 'chunk_size': 8192, 'facility_cost': 0.23972805510810366, 'median_limit': 4901, 'cost_limit': 1174.8984188955035, 'winner_processed_items': 4901, 'winner_raw_points_read': 4901, 'winner_num_centers': 4901, 'winner_cost': 0.0, 'num_parallel_runs': 19}, {'phase': 2, 'Li': 32348.48012022368, 'raw_start_index': 4901, 'raw_consumed': 5099, 'summary_in_size': 4901, 'summary_out_size': 694, 'chunk_size': 8192, 'facility_cost': 396.0259763843006, 'median_limit': 4901, 'cost_limit': 1940908.807213421, 'winner_processed_items': 10000, 'winner_raw_points_read': 5099, 'winner_num_centers': 694, 'winner_cost': 264983.0523261188, 'num_parallel_runs': 19}]",10000.0,,,,,,,896.23636,8.0,61072.0,10000.0,0.99499,-16.08534,11.15777,77.0,insertion-only,Kmeans_sweep
KMeans(sk),0.99681,1.0,398998.34375,10.0,blobs,,,,,,,,,,,,,,,,,,,,,6764149.0,,10000.0,,,,,,,176859.05401,8.0,440320.0,10000.0,0.99562,0.0,0.05654,211.0,insertion-only,Kmeans_sweep
[Ailon2009] Streaming k-means,0.69381,2.4615,982134.75,10.0,blobs,Ailon2009 tuned (no refinement),51.62894,,,8192.0,1.0,3.0,,,,,,,,,,,24.0,,,2460242.0,,10000.0,,1.0,10.0,,,48.0,94614.62987,8.0,2304.0,10000.0,0.8247,146.15008,0.10569,211.0,insertion-only,Kmeans_sweep
[Boutsidis2014] RandomProj Streaming,0.93561,1.00383,400529.47795,10.0,blobs,,7.62514,,2.0,8192.0,,,0.0,10.0,,2.5,,,,,,,,batch_stream_wrapper,,2179367.0,,10000.0,10.0,,,0.0,,,491458.45169,8.0,1424.0,10000.0,0.93806,0.38374,0.02034,211.0,insertion-only,Kmeans_sweep
[Guha2002] Streaming k-means,0.99681,1.0,399001.05143,10.0,blobs,,50.42409,,,8192.0,,,,,,,,,,1.0,2.0,32.0,,,,2820459.0,,10000.0,,,,,32.0,,88536.7879,8.0,2816.0,10000.0,0.99562,0.00067,0.11294,211.0,insertion-only,Kmeans_sweep
[Charikar2003] PLS KMeans,0.99635,1.0073,401911.3141,10.0,blobs,,1.01047,3.0,,8192.0,,,,,10.0,,37258.15523,629.0,0.5,,,,,,2.0,10994921.0,"[{'phase': 1, 'Li': 19.581640314925057, 'raw_start_index': 0, 'raw_consumed': 4901, 'summary_in_size': 0, 'summary_out_size': 4901, 'chunk_size': 8192, 'facility_cost': 0.23972805510810366, 'median_limit': 4901, 'cost_limit': 1174.8984188955035, 'winner_processed_items': 4901, 'winner_raw_points_read': 4901, 'winner_num_centers': 4901, 'winner_cost': 0.0, 'num_parallel_runs': 19}, {'phase': 2, 'Li': 37258.1552385005, 'raw_start_index': 4901, 'raw_consumed': 5099, 'summary_in_size': 4901, 'summary_out_size': 629, 'chunk_size': 8192, 'facility_cost': 456.1326297794227, 'median_limit': 4901, 'cost_limit': 2235489.31431003, 'winner_processed_items': 10000, 'winner_raw_points_read': 5099, 'winner_num_centers': 629, 'winner_cost': 282374.3431261698, 'num_parallel_runs': 19}]",10000.0,,,,,,,989.63268,8.0,55352.0,10000.0,0.99494,0.73007,10.10475,211.0,insertion-only,Kmeans_sweep
KMeans(sk),0.61864,1.0,33171.60156,10.0,anisotropic,,,,,,,,,,,,,,,,,,,,,6764297.0,,10000.0,,,,,,,440689.76769,8.0,440320.0,10000.0,0.75507,0.0,0.02269,42.0,insertion-only,Kmeans_sweep
[Ailon2009] Streaming k-means,0.47523,2.49986,82924.67187,10.0,anisotropic,Ailon2009 tuned (no refinement),36.20989,,,8192.0,1.0,3.0,,,,,,,,,,,24.0,,,2460191.0,,10000.0,,1.0,10.0,,,48.0,135477.67396,8.0,2304.0,10000.0,0.6851,149.98694,0.07381,42.0,insertion-only,Kmeans_sweep
[Boutsidis2014] RandomProj Streaming,0.63737,1.05095,34861.81438,10.0,anisotropic,,8.6944,,2.0,8192.0,,,0.0,10.0,,2.5,,,,,,,,batch_stream_wrapper,,2179428.0,,10000.0,10.0,,,0.0,,,372207.97485,8.0,1424.0,10000.0,0.76461,5.09536,0.02686,42.0,insertion-only,Kmeans_sweep
[Guha2002] Streaming k-means,0.64226,1.06648,35377.01001,10.0,anisotropic,,47.16,,,8192.0,,,,,,,,,,1.0,2.0,32.0,,,,2820694.0,,10000.0,,,,,32.0,,90129.47099,8.0,2816.0,10000.0,0.7666,6.64848,0.11095,42.0,insertion-only,Kmeans_sweep
[Charikar2003] PLS KMeans,0.63368,1.00918,33476.22127,10.0,anisotropic,,1.5642,3.0,,8192.0,,,,,10.0,,2689.91957,200.0,0.5,,,,,,2.0,10994170.0,"[{'phase': 1, 'Li': 0.2784382504164758, 'raw_start_index': 0, 'raw_consumed': 4901, 'summary_in_size': 0, 'summary_out_size': 4901, 'chunk_size': 8192, 'facility_cost': 0.003408777771756367, 'median_limit': 4901, 'cost_limit': 16.70629502498855, 'winner_processed_items': 4901, 'winner_raw_points_read': 4901, 'winner_num_centers': 4901, 'winner_cost': 0.0, 'num_parallel_runs': 19}, {'phase': 2, 'Li': 2689.919573078844, 'raw_start_index': 4901, 'raw_consumed': 5099, 'summary_in_size': 4901, 'summary_out_size': 200, 'chunk_size': 8192, 'facility_cost': 32.93131613493636, 'median_limit': 4901, 'cost_limit': 161395.17438473066, 'winner_processed_items': 10000, 'winner_raw_points_read': 5099, 'winner_num_centers': 200, 'winner_cost': 6685.813174608769, 'num_parallel_runs': 19}]",10000.0,,,,,,,639.30209,8.0,17600.0,10000.0,0.76158,0.91831,15.64205,42.0,insertion-only,Kmeans_sweep
KMeans(sk),0.61415,1.0,35873.82812,10.0,anisotropic,,,,,,,,,,,,,,,,,,,,,6764114.0,,10000.0,,,,,,,229517.30212,8.0,440320.0,10000.0,0.76466,0.0,0.04356,77.0,insertion-only,Kmeans_sweep
[Ailon2009] Streaming k-means,0.64411,1.6858,60476.3125,10.0,anisotropic,Ailon2009 tuned (no refinement),58.30489,,,8192.0,1.0,3.0,,,,,,,,,,,24.0,,,2460293.0,,10000.0,,1.0,10.0,,,48.0,84207.26439,8.0,2304.0,10000.0,0.78684,68.58059,0.11875,77.0,insertion-only,Kmeans_sweep
[Boutsidis2014] RandomProj Streaming,0.62992,1.03334,37070.0396,10.0,anisotropic,,16.53564,,2.0,8192.0,,,0.0,10.0,,2.5,,,,,,,,batch_stream_wrapper,,2179207.0,,10000.0,10.0,,,0.0,,,224404.43064,8.0,1424.0,10000.0,0.76292,3.33449,0.04456,77.0,insertion-only,Kmeans_sweep
[Guha2002] Streaming k-means,0.6186,0.94002,33722.40583,10.0,anisotropic,,67.54005,,,8192.0,,,,,,,,,,1.0,2.0,32.0,,,,2821732.0,,10000.0,,,,,32.0,,63145.06631,8.0,2816.0,10000.0,0.75403,-5.99719,0.15836,77.0,insertion-only,Kmeans_sweep
[Charikar2003] PLS KMeans,0.6266,0.9293,33337.78084,10.0,anisotropic,,1.27963,3.0,,8192.0,,,,,10.0,,2689.83541,187.0,0.5,,,,,,2.0,10994081.0,"[{'phase': 1, 'Li': 0.2784382504164758, 'raw_start_index': 0, 'raw_consumed': 4901, 'summary_in_size': 0, 'summary_out_size': 4901, 'chunk_size': 8192, 'facility_cost': 0.003408777771756367, 'median_limit': 4901, 'cost_limit': 16.70629502498855, 'winner_processed_items': 4901, 'winner_raw_points_read': 4901, 'winner_num_centers': 4901, 'winner_cost': 0.0, 'num_parallel_runs': 19}, {'phase': 2, 'Li': 2689.835411328777, 'raw_start_index': 4901, 'raw_consumed': 5099, 'summary_in_size': 4901, 'summary_out_size': 187, 'chunk_size': 8192, 'facility_cost': 32.93028578546953, 'median_limit': 4901, 'cost_limit': 161390.1246797266, 'winner_processed_items': 10000, 'winner_raw_points_read': 5099, 'winner_num_centers': 187, 'winner_cost': 6195.252449343512, 'num_parallel_runs': 19}]",10000.0,,,,,,,781.47401,8.0,16456.0,10000.0,0.75964,-7.06935,12.79633,77.0,insertion-only,Kmeans_sweep
KMeans(sk),0.6199,1.0,33170.07421,10.0,anisotropic,,,,,,,,,,,,,,,,,,,,,6764040.0,,10000.0,,,,,,,205605.63195,8.0,440320.0,10000.0,0.75581,0.0,0.04863,211.0,insertion-only,Kmeans_sweep
[Ailon2009] Streaming k-means,0.58178,1.5036,49874.74218,10.0,anisotropic,Ailon2009 tuned (no refinement),59.8164,,,8192.0,1.0,3.0,,,,,,,,,,,24.0,,,2460242.0,,10000.0,,1.0,10.0,,,48.0,82080.98272,8.0,2304.0,10000.0,0.74527,50.36065,0.12183,211.0,insertion-only,Kmeans_sweep
[Boutsidis2014] RandomProj Streaming,0.5772,1.15669,38367.5269,10.0,anisotropic,,14.84224,,2.0,8192.0,,,0.0,10.0,,2.5,,,,,,,,batch_stream_wrapper,,2180004.0,,10000.0,10.0,,,0.0,,,265634.58788,8.0,1424.0,10000.0,0.72957,15.6691,0.03764,211.0,insertion-only,Kmeans_sweep
[Guha2002] Streaming k-means,0.64083,1.01635,33712.6128,10.0,anisotropic,,65.24949,,,8192.0,,,,,,,,,,1.0,2.0,32.0,,,,2820202.0,,10000.0,,,,,32.0,,62684.05605,8.0,2816.0,10000.0,0.76645,1.63562,0.15953,211.0,insertion-only,Kmeans_sweep
[Charikar2003] PLS KMeans,0.62628,1.01096,33533.8624,10.0,anisotropic,,1.29468,3.0,,8192.0,,,,,10.0,,2689.84071,188.0,0.5,,,,,,2.0,10994237.0,"[{'phase': 1, 'Li': 0.2784382504164758, 'raw_start_index': 0, 'raw_consumed': 4901, 'summary_in_size': 0, 'summary_out_size': 4901, 'chunk_size': 8192, 'facility_cost': 0.003408777771756367, 'median_limit': 4901, 'cost_limit': 16.70629502498855, 'winner_processed_items': 4901, 'winner_raw_points_read': 4901, 'winner_num_centers': 4901, 'winner_cost': 0.0, 'num_parallel_runs': 19}, {'phase': 2, 'Li': 2689.8407164103014, 'raw_start_index': 4901, 'raw_consumed': 5099, 'summary_in_size': 4901, 'summary_out_size': 188, 'chunk_size': 8192, 'facility_cost': 32.930350732882296, 'median_limit': 4901, 'cost_limit': 161390.44298461807, 'winner_processed_items': 10000, 'winner_raw_points_read': 5099, 'winner_num_centers': 188, 'winner_cost': 6978.765878605385, 'num_parallel_runs': 19}]",10000.0,,,,,,,772.39132,8.0,16544.0,10000.0,0.75833,1.09673,12.9468,211.0,insertion-only,Kmeans_sweep
KMeans(sk),1.0,1.0,623552.4375,10.0,high_dim_sparseish,,,,,,,,,,,,,,,,,,,,,6764170.0,,10000.0,,,,,,,105711.1506,8.0,440320.0,10000.0,1.0,0.0,0.09459,42.0,insertion-only,Kmeans_sweep
[Ailon2009] Streaming k-means,0.99977,1.49616,932937.75,10.0,high_dim_sparseish,Ailon2009 tuned (no refinement),130.60099,,,8192.0,1.0,3.0,,,,,,,,,,,24.0,,,2460191.0,,10000.0,,1.0,10.0,,,48.0,37558.69955,8.0,2304.0,10000.0,0.9996,49.61656,0.26624,42.0,insertion-only,Kmeans_sweep
[Boutsidis2014] RandomProj Streaming,0.75072,1.44735,902500.98245,10.0,high_dim_sparseish,,30.85009,,2.0,8192.0,,,0.0,10.0,,2.5,,,,,,,,batch_stream_wrapper,,2179234.0,,10000.0,10.0,,,0.0,,,125052.2093,8.0,1424.0,10000.0,0.86173,44.73537,0.07996,42.0,insertion-only,Kmeans_sweep
[Guha2002] Streaming k-means,1.0,1.0,623552.73402,10.0,high_dim_sparseish,,179.36874,,,8192.0,,,,,,,,,,1.0,2.0,32.0,,,,2820186.0,,10000.0,,,,,32.0,,24768.94291,8.0,2816.0,10000.0,1.0,4e-05,0.40373,42.0,insertion-only,Kmeans_sweep
[Charikar2003] PLS KMeans,1.0,1.00623,627437.44656,10.0,high_dim_sparseish,,2.68016,3.0,,8192.0,,,,,10.0,,50296.52053,694.0,0.5,,,,,,2.0,10995219.0,"[{'phase': 1, 'Li': 22.633496666152194, 'raw_start_index': 0, 'raw_consumed': 4901, 'summary_in_size': 0, 'summary_out_size': 4901, 'chunk_size': 8192, 'facility_cost': 0.27709037898815986, 'median_limit': 4901, 'cost_limit': 1358.0097999691316, 'winner_processed_items': 4901, 'winner_raw_points_read': 4901, 'winner_num_centers': 4901, 'winner_cost': 0.0, 'num_parallel_runs': 19}, {'phase': 2, 'Li': 50296.52053056937, 'raw_start_index': 4901, 'raw_consumed': 5099, 'summary_in_size': 4901, 'summary_out_size': 694, 'chunk_size': 8192, 'facility_cost': 615.754699380727, 'median_limit': 4901, 'cost_limit': 3017791.231834162, 'winner_processed_items': 10000, 'winner_raw_points_read': 5099, 'winner_num_centers': 694, 'winner_cost': 421646.88989333255, 'num_parallel_runs': 19}]",10000.0,,,,,,,373.11169,8.0,61072.0,10000.0,1.0,0.62304,26.80162,42.0,insertion-only,Kmeans_sweep
KMeans(sk),1.0,1.0,623552.4375,10.0,high_dim_sparseish,,,,,,,,,,,,,,,,,,,,,6764271.0,,10000.0,,,,,,,95410.47016,8.0,440320.0,10000.0,1.0,0.0,0.10481,77.0,insertion-only,Kmeans_sweep
[Ailon2009] Streaming k-means,0.78723,2.4495,1527397.625,10.0,high_dim_sparseish,Ailon2009 tuned (no refinement),124.1567,,,8192.0,1.0,3.0,,,,,,,,,,,24.0,,,2460395.0,,10000.0,,1.0,10.0,,,48.0,39332.89831,8.0,2304.0,10000.0,0.86981,144.95095,0.25424,77.0,insertion-only,Kmeans_sweep
[Boutsidis2014] RandomProj Streaming,0.97734,1.00202,624816.03958,10.0,high_dim_sparseish,,37.25775,,2.0,8192.0,,,0.0,10.0,,2.5,,,,,,,,batch_stream_wrapper,,2179362.0,,10000.0,10.0,,,0.0,,,96220.08998,8.0,1424.0,10000.0,0.974,0.20264,0.10392,77.0,insertion-only,Kmeans_sweep
[Guha2002] Streaming k-means,1.0,1.0,623552.50289,10.0,high_dim_sparseish,,171.60929,,,8192.0,,,,,,,,,,1.0,2.0,32.0,,,,2820063.0,,10000.0,,,,,32.0,,25632.44862,8.0,2816.0,10000.0,1.0,1e-05,0.39013,77.0,insertion-only,Kmeans_sweep
[Charikar2003] PLS KMeans,1.0,1.00589,627226.69155,10.0,high_dim_sparseish,,2.64174,3.0,,8192.0,,,,,10.0,,50296.52053,699.0,0.5,,,,,,2.0,10995015.0,"[{'phase': 1, 'Li': 22.633496666152194, 'raw_start_index': 0, 'raw_consumed': 4901, 'summary_in_size': 0, 'summary_out_size': 4901, 'chunk_size': 8192, 'facility_cost': 0.27709037898815986, 'median_limit': 4901, 'cost_limit': 1358.0097999691316, 'winner_processed_items': 4901, 'winner_raw_points_read': 4901, 'winner_num_centers': 4901, 'winner_cost': 0.0, 'num_parallel_runs': 19}, {'phase': 2, 'Li': 50296.52053056937, 'raw_start_index': 4901, 'raw_consumed': 5099, 'summary_in_size': 4901, 'summary_out_size': 699, 'chunk_size': 8192, 'facility_cost': 615.754699380727, 'median_limit': 4901, 'cost_limit': 3017791.231834162, 'winner_processed_items': 10000, 'winner_raw_points_read': 5099, 'winner_num_centers': 699, 'winner_cost': 419789.2864696767, 'num_parallel_runs': 19}]",10000.0,,,,,,,378.5382,8.0,61512.0,10000.0,1.0,0.58924,26.41741,77.0,insertion-only,Kmeans_sweep
KMeans(sk),1.0,1.0,623552.4375,10.0,high_dim_sparseish,,,,,,,,,,,,,,,,,,,,,6763953.0,,10000.0,,,,,,,114001.68723,8.0,440320.0,10000.0,1.0,0.0,0.08771,211.0,insertion-only,Kmeans_sweep
[Ailon2009] Streaming k-means,0.85071,2.33179,1453996.375,10.0,high_dim_sparseish,Ailon2009 tuned (no refinement),122.68235,,,8192.0,1.0,3.0,,,,,,,,,,,24.0,,,2460242.0,,10000.0,,1.0,10.0,,,48.0,39905.24897,8.0,2304.0,10000.0,0.934,133.17948,0.25059,211.0,insertion-only,Kmeans_sweep
[Boutsidis2014] RandomProj Streaming,0.99068,1.00025,623709.9151,10.0,high_dim_sparseish,,30.10504,,2.0,8192.0,,,0.0,10.0,,2.5,,,,,,,,batch_stream_wrapper,,2179043.0,,10000.0,10.0,,,0.0,,,125819.39882,8.0,1424.0,10000.0,0.98846,0.02525,0.07947,211.0,insertion-only,Kmeans_sweep
[Guha2002] Streaming k-means,1.0,1.0,623552.46987,10.0,high_dim_sparseish,,150.86554,,,8192.0,,,,,,,,,,1.0,2.0,32.0,,,,2819650.0,,10000.0,,,,,32.0,,28718.09599,8.0,2816.0,10000.0,1.0,0.0,0.34821,211.0,insertion-only,Kmeans_sweep
[Charikar2003] PLS KMeans,1.0,1.00554,627009.87298,10.0,high_dim_sparseish,,1.04994,3.0,,8192.0,,,,,10.0,,50296.52053,717.0,0.5,,,,,,2.0,10995183.0,"[{'phase': 1, 'Li': 22.633496666152194, 'raw_start_index': 0, 'raw_consumed': 4901, 'summary_in_size': 0, 'summary_out_size': 4901, 'chunk_size': 8192, 'facility_cost': 0.27709037898815986, 'median_limit': 4901, 'cost_limit': 1358.0097999691316, 'winner_processed_items': 4901, 'winner_raw_points_read': 4901, 'winner_num_centers': 4901, 'winner_cost': 0.0, 'num_parallel_runs': 19}, {'phase': 2, 'Li': 50296.52053056937, 'raw_start_index': 4901, 'raw_consumed': 5099, 'summary_in_size': 4901, 'summary_out_size': 717, 'chunk_size': 8192, 'facility_cost': 615.754699380727, 'median_limit': 4901, 'cost_limit': 3017791.231834162, 'winner_processed_items': 10000, 'winner_raw_points_read': 5099, 'winner_num_centers': 717, 'winner_cost': 421036.17891148, 'num_parallel_runs': 19}]",10000.0,,,,,,,952.43254,8.0,63096.0,10000.0,1.0,0.55447,10.49943,211.0,insertion-only,Kmeans_sweep
KMeans(sk),1.0,1.0,2998700.0,25.0,blobs,,,,,,,,,,,,,,,,,,,,,98044958.0,,30000.0,,,,,,,361089.91381,16.0,3121600.0,30000.0,1.0,0.0,0.08308,42.0,insertion-only,Kmeans_sweep
[Ailon2009] Streaming k-means,0.90058,2.54087,7619310.0,25.0,blobs,Ailon2009 tuned (no refinement),210.46389,,,8192.0,1.0,3.0,,,,,,,,,,,48.0,,,5983806.0,,30000.0,,1.0,11.0,,,192.0,35522.63685,16.0,20736.0,30000.0,0.95478,154.0871,0.84453,42.0,insertion-only,Kmeans_sweep
[Boutsidis2014] RandomProj Streaming,0.88867,1.43685,4308711.88641,25.0,blobs,,20.34217,,2.0,8192.0,,,0.0,25.0,,2.5,,,,,,,,batch_stream_wrapper,,13960455.0,,30000.0,10.0,,,0.0,,,312915.26469,16.0,4968.0,30000.0,0.95021,43.68599,0.09587,42.0,insertion-only,Kmeans_sweep
[Guha2002] Streaming k-means,1.0,0.99999,2998699.88161,25.0,blobs,,86.46009,,,8192.0,,,,,,,,,,1.0,2.0,32.0,,,,17804018.0,,30000.0,,,,,32.0,,80794.30496,16.0,6656.0,30000.0,1.0,-0.0,0.37131,42.0,insertion-only,Kmeans_sweep
[Charikar2003] PLS KMeans,1.0,1.00727,3020511.40934,25.0,blobs,,4.33052,3.0,,8192.0,,,,,25.0,,181245.62121,3006.0,0.5,,,,,,2.0,59461257.0,"[{'phase': 1, 'Li': 32.739292657357204, 'raw_start_index': 0, 'raw_consumed': 10857, 'summary_in_size': 0, 'summary_out_size': 10857, 'chunk_size': 8192, 'facility_cost': 0.18093680754414243, 'median_limit': 10857, 'cost_limit': 1964.3575594414322, 'winner_processed_items': 10857, 'winner_raw_points_read': 10857, 'winner_num_centers': 10857, 'winner_cost': 0.0, 'num_parallel_runs': 21}, {'phase': 2, 'Li': 181245.62121499496, 'raw_start_index': 10857, 'raw_consumed': 19143, 'summary_in_size': 10857, 'summary_out_size': 3006, 'chunk_size': 8192, 'facility_cost': 1001.6711242729486, 'median_limit': 10857, 'cost_limit': 10874737.272899697, 'winner_processed_items': 30000, 'winner_raw_points_read': 19143, 'winner_num_centers': 3006, 'winner_cost': 2733665.9362145285, 'num_parallel_runs': 21}]",30000.0,,,,,,,230.91913,16.0,625248.0,30000.0,1.0,0.72736,129.91561,42.0,insertion-only,Kmeans_sweep
KMeans(sk),1.0,1.0,2998700.0,25.0,blobs,,,,,,,,,,,,,,,,,,,,,98045226.0,,30000.0,,,,,,,96593.8746,16.0,3121600.0,30000.0,1.0,0.0,0.31057,77.0,insertion-only,Kmeans_sweep
[Ailon2009] Streaming k-means,0.757,3.67357,11015944.0,25.0,blobs,Ailon2009 tuned (no refinement),399.26867,,,8192.0,1.0,3.0,,,,,,,,,,,48.0,,,5980075.0,,30000.0,,1.0,11.0,,,192.0,18724.1513,16.0,20736.0,30000.0,0.87131,267.35732,1.6022,77.0,insertion-only,Kmeans_sweep
[Boutsidis2014] RandomProj Streaming,0.9035,1.49359,4478829.52399,25.0,blobs,,44.26487,,2.0,8192.0,,,0.0,25.0,,2.5,,,,,,,,batch_stream_wrapper,,13960786.0,,30000.0,10.0,,,0.0,,,138918.53771,16.0,4968.0,30000.0,0.96045,49.35903,0.21595,77.0,insertion-only,Kmeans_sweep
[Guha2002] Streaming k-means,1.0,0.99999,2998699.88975,25.0,blobs,,242.15117,,,8192.0,,,,,,,,,,1.0,2.0,32.0,,,,17802506.0,,30000.0,,,,,32.0,,28246.45445,16.0,6656.0,30000.0,1.0,-0.0,1.06208,77.0,insertion-only,Kmeans_sweep
[Charikar2003] PLS KMeans,1.0,1.00732,3020664.22028,25.0,blobs,,5.32673,3.0,,8192.0,,,,,25.0,,181245.62121,3007.0,0.5,,,,,,2.0,59459734.0,"[{'phase': 1, 'Li': 32.739292657357204, 'raw_start_index': 0, 'raw_consumed': 10857, 'summary_in_size': 0, 'summary_out_size': 10857, 'chunk_size': 8192, 'facility_cost': 0.18093680754414243, 'median_limit': 10857, 'cost_limit': 1964.3575594414322, 'winner_processed_items': 10857, 'winner_raw_points_read': 10857, 'winner_num_centers': 10857, 'winner_cost': 0.0, 'num_parallel_runs': 21}, {'phase': 2, 'Li': 181245.62121499496, 'raw_start_index': 10857, 'raw_consumed': 19143, 'summary_in_size': 10857, 'summary_out_size': 3007, 'chunk_size': 8192, 'facility_cost': 1001.6711242729486, 'median_limit': 10857, 'cost_limit': 10874737.272899697, 'winner_processed_items': 30000, 'winner_raw_points_read': 19143, 'winner_num_centers': 3007, 'winner_cost': 2749029.7062804876, 'num_parallel_runs': 21}]",30000.0,,,,,,,187.73223,16.0,625456.0,30000.0,1.0,0.73245,159.80207,77.0,insertion-only,Kmeans_sweep
KMeans(sk),0.92012,1.0,3863544.5,25.0,blobs,,,,,,,,,,,,,,,,,,,,,98045358.0,,30000.0,,,,,,,79970.18711,16.0,3121600.0,30000.0,0.97637,0.0,0.37513,211.0,insertion-only,Kmeans_sweep
[Ailon2009] Streaming k-means,0.90885,1.77338,6851560.0,25.0,blobs,Ailon2009 tuned (no refinement),335.33342,,,8192.0,1.0,3.0,,,,,,,,,,,48.0,,,5979922.0,,30000.0,,1.0,11.0,,,192.0,22249.5001,16.0,20736.0,30000.0,0.96151,77.33871,1.34834,211.0,insertion-only,Kmeans_sweep
[Boutsidis2014] RandomProj Streaming,0.91854,0.99839,3857357.36247,25.0,blobs,,50.87167,,2.0,8192.0,,,0.0,25.0,,2.5,,,,,,,,batch_stream_wrapper,,13960680.0,,30000.0,10.0,,,0.0,,,126476.08126,16.0,4968.0,30000.0,0.97083,-0.16014,0.23719,211.0,insertion-only,Kmeans_sweep
[Guha2002] Streaming k-means,1.0,0.77615,2998699.95328,25.0,blobs,,228.89027,,,8192.0,,,,,,,,,,1.0,2.0,32.0,,,,17803805.0,,30000.0,,,,,32.0,,29600.65168,16.0,6656.0,30000.0,1.0,-22.38474,1.01349,211.0,insertion-only,Kmeans_sweep
[Charikar2003] PLS KMeans,1.0,0.78174,3020314.74703,25.0,blobs,,5.12832,3.0,,8192.0,,,,,25.0,,181245.62121,3006.0,0.5,,,,,,2.0,59459656.0,"[{'phase': 1, 'Li': 32.739292657357204, 'raw_start_index': 0, 'raw_consumed': 10857, 'summary_in_size': 0, 'summary_out_size': 10857, 'chunk_size': 8192, 'facility_cost': 0.18093680754414243, 'median_limit': 10857, 'cost_limit': 1964.3575594414322, 'winner_processed_items': 10857, 'winner_raw_points_read': 10857, 'winner_num_centers': 10857, 'winner_cost': 0.0, 'num_parallel_runs': 21}, {'phase': 2, 'Li': 181245.62121499496, 'raw_start_index': 10857, 'raw_consumed': 19143, 'summary_in_size': 10857, 'summary_out_size': 3006, 'chunk_size': 8192, 'facility_cost': 1001.6711242729486, 'median_limit': 10857, 'cost_limit': 10874737.272899697, 'winner_processed_items': 30000, 'winner_raw_points_read': 19143, 'winner_num_centers': 3006, 'winner_cost': 2766024.1526108296, 'num_parallel_runs': 21}]",30000.0,,,,,,,194.99549,16.0,625248.0,30000.0,1.0,-21.82528,153.8497,211.0,insertion-only,Kmeans_sweep
KMeans(sk),0.41224,1.0,79413.25,25.0,anisotropic,,,,,,,,,,,,,,,,,,,,,98045408.0,,30000.0,,,,,,,196743.37252,16.0,3121600.0,30000.0,0.64937,0.0,0.15248,42.0,insertion-only,Kmeans_sweep
[Ailon2009] Streaming k-means,0.40483,1.51551,120351.63281,25.0,anisotropic,Ailon2009 tuned (no refinement),113.25952,,,8192.0,1.0,3.0,,,,,,,,,,,48.0,,,5979922.0,,30000.0,,1.0,11.0,,,192.0,65886.43944,16.0,20736.0,30000.0,0.6429,51.55107,0.45532,42.0,insertion-only,Kmeans_sweep
[Boutsidis2014] RandomProj Streaming,0.39967,1.0371,82359.62356,25.0,anisotropic,,14.40875,,2.0,8192.0,,,0.0,25.0,,2.5,,,,,,,,batch_stream_wrapper,,13960517.0,,30000.0,10.0,,,0.0,,,405772.79424,16.0,4968.0,30000.0,0.64282,3.71017,0.07393,42.0,insertion-only,Kmeans_sweep
[Guha2002] Streaming k-means,0.37774,1.08498,86162.19191,25.0,anisotropic,,152.10717,,,8192.0,,,,,,,,,,1.0,2.0,32.0,,,,17803210.0,,30000.0,,,,,32.0,,47196.28873,16.0,6656.0,30000.0,0.63827,8.4985,0.63564,42.0,insertion-only,Kmeans_sweep
[Charikar2003] PLS KMeans,0.38784,1.02036,81030.77459,25.0,anisotropic,,3.94034,3.0,,8192.0,,,,,25.0,,4839.46919,753.0,0.5,,,,,,2.0,59460044.0,"[{'phase': 1, 'Li': 0.40553988265889984, 'raw_start_index': 0, 'raw_consumed': 10857, 'summary_in_size': 0, 'summary_out_size': 10857, 'chunk_size': 8192, 'facility_cost': 0.002241254643711372, 'median_limit': 10857, 'cost_limit': 24.33239295953399, 'winner_processed_items': 10857, 'winner_raw_points_read': 10857, 'winner_num_centers': 10857, 'winner_cost': 0.0, 'num_parallel_runs': 21}, {'phase': 2, 'Li': 4839.469190730787, 'raw_start_index': 10857, 'raw_consumed': 19143, 'summary_in_size': 10857, 'summary_out_size': 753, 'chunk_size': 8192, 'facility_cost': 26.7457857059807, 'median_limit': 10857, 'cost_limit': 290368.1514438472, 'winner_processed_items': 30000, 'winner_raw_points_read': 19143, 'winner_num_centers': 753, 'winner_cost': 20508.485426374555, 'num_parallel_runs': 21}]",30000.0,,,,,,,253.78477,16.0,156624.0,30000.0,0.64405,2.03684,118.21039,42.0,insertion-only,Kmeans_sweep
KMeans(sk),0.41173,1.0,80867.48437,25.0,anisotropic,,,,,,,,,,,,,,,,,,,,,98045237.0,,30000.0,,,,,,,88747.49768,16.0,3121600.0,30000.0,0.63834,0.0,0.33803,77.0,insertion-only,Kmeans_sweep
[Ailon2009] Streaming k-means,0.39443,1.54042,124570.53125,25.0,anisotropic,Ailon2009 tuned (no refinement),501.67415,,,8192.0,1.0,3.0,,,,,,,,,,,48.0,,,5980024.0,,30000.0,,1.0,11.0,,,192.0,14762.49362,16.0,20736.0,30000.0,0.64534,54.04279,2.03217,77.0,insertion-only,Kmeans_sweep
[Boutsidis2014] RandomProj Streaming,0.39715,1.02737,83081.01826,25.0,anisotropic,,50.30782,,2.0,8192.0,,,0.0,25.0,,2.5,,,,,,,,batch_stream_wrapper,,13960960.0,,30000.0,10.0,,,0.0,,,132409.81898,16.0,4968.0,30000.0,0.6364,2.73723,0.22656,77.0,insertion-only,Kmeans_sweep
[Guha2002] Streaming k-means,0.40665,1.05077,84973.15948,25.0,anisotropic,,362.56752,,,8192.0,,,,,,,,,,1.0,2.0,32.0,,,,17802174.0,,30000.0,,,,,32.0,,19858.34512,16.0,6656.0,30000.0,0.64126,5.07704,1.51069,77.0,insertion-only,Kmeans_sweep
[Charikar2003] PLS KMeans,0.39291,1.01192,81832.00074,25.0,anisotropic,,3.9839,3.0,,8192.0,,,,,25.0,,5203.41252,708.0,0.5,,,,,,2.0,59459763.0,"[{'phase': 1, 'Li': 0.40553988265889984, 'raw_start_index': 0, 'raw_consumed': 10857, 'summary_in_size': 0, 'summary_out_size': 10857, 'chunk_size': 8192, 'facility_cost': 0.002241254643711372, 'median_limit': 10857, 'cost_limit': 24.33239295953399, 'winner_processed_items': 10857, 'winner_raw_points_read': 10857, 'winner_num_centers': 10857, 'winner_cost': 0.0, 'num_parallel_runs': 21}, {'phase': 2, 'Li': 5203.412523098699, 'raw_start_index': 10857, 'raw_consumed': 19143, 'summary_in_size': 10857, 'summary_out_size': 708, 'chunk_size': 8192, 'facility_cost': 28.75715306735919, 'median_limit': 10857, 'cost_limit': 312204.75138592196, 'winner_processed_items': 30000, 'winner_raw_points_read': 19143, 'winner_num_centers': 708, 'winner_cost': 21039.27355609201, 'num_parallel_runs': 21}]",30000.0,,,,,,,251.00998,16.0,147264.0,30000.0,0.64588,1.19271,119.51715,77.0,insertion-only,Kmeans_sweep
KMeans(sk),0.39453,1.0,79572.8125,25.0,anisotropic,,,,,,,,,,,,,,,,,,,,,98045293.0,,30000.0,,,,,,,71911.28448,16.0,3121600.0,30000.0,0.6413,0.0,0.41718,211.0,insertion-only,Kmeans_sweep
[Ailon2009] Streaming k-means,0.40459,1.31869,104932.375,25.0,anisotropic,Ailon2009 tuned (no refinement),434.48695,,,8192.0,1.0,3.0,,,,,,,,,,,48.0,,,5980075.0,,30000.0,,1.0,11.0,,,192.0,17166.24639,16.0,20736.0,30000.0,0.64262,31.86963,1.74761,211.0,insertion-only,Kmeans_sweep
[Boutsidis2014] RandomProj Streaming,0.41,1.10617,88021.53987,25.0,anisotropic,,54.72912,,2.0,8192.0,,,0.0,25.0,,2.5,,,,,,,,batch_stream_wrapper,,13961014.0,,30000.0,10.0,,,0.0,,,116991.12855,16.0,4968.0,30000.0,0.63887,10.6176,0.25642,211.0,insertion-only,Kmeans_sweep
[Guha2002] Streaming k-means,0.42321,1.03518,82372.40347,25.0,anisotropic,,254.52585,,,8192.0,,,,,,,,,,1.0,2.0,32.0,,,,17802125.0,,30000.0,,,,,32.0,,26992.46937,16.0,6656.0,30000.0,0.65082,3.51827,1.11142,211.0,insertion-only,Kmeans_sweep
[Charikar2003] PLS KMeans,0.39718,1.0168,80910.06003,25.0,anisotropic,,3.70575,3.0,,8192.0,,,,,25.0,,5234.98826,722.0,0.5,,,,,,2.0,59460027.0,"[{'phase': 1, 'Li': 0.40553988265889984, 'raw_start_index': 0, 'raw_consumed': 10857, 'summary_in_size': 0, 'summary_out_size': 10857, 'chunk_size': 8192, 'facility_cost': 0.002241254643711372, 'median_limit': 10857, 'cost_limit': 24.33239295953399, 'winner_processed_items': 10857, 'winner_raw_points_read': 10857, 'winner_num_centers': 10857, 'winner_cost': 0.0, 'num_parallel_runs': 21}, {'phase': 2, 'Li': 5234.988268579697, 'raw_start_index': 10857, 'raw_consumed': 19143, 'summary_in_size': 10857, 'summary_out_size': 722, 'chunk_size': 8192, 'facility_cost': 28.931659421022708, 'median_limit': 10857, 'cost_limit': 314099.2961147819, 'winner_processed_items': 30000, 'winner_raw_points_read': 19143, 'winner_num_centers': 722, 'winner_cost': 20229.686227306585, 'num_parallel_runs': 21}]",30000.0,,,,,,,269.85019,16.0,150176.0,30000.0,0.64098,1.68053,111.17279,211.0,insertion-only,Kmeans_sweep
KMeans(sk),0.91275,1.0,2269477.5,25.0,high_dim_sparseish,,,,,,,,,,,,,,,,,,,,,98045242.0,,30000.0,,,,,,,70955.16532,16.0,3121600.0,30000.0,0.96939,0.0,0.4228,42.0,insertion-only,Kmeans_sweep
[Ailon2009] Streaming k-means,0.79073,1.83901,4173595.0,25.0,high_dim_sparseish,Ailon2009 tuned (no refinement),404.49597,,,8192.0,1.0,3.0,,,,,,,,,,,48.0,,,5980177.0,,30000.0,,1.0,11.0,,,192.0,18389.85762,16.0,20736.0,30000.0,0.9059,83.90114,1.63133,42.0,insertion-only,Kmeans_sweep
[Boutsidis2014] RandomProj Streaming,0.86898,0.9208,2089748.72338,25.0,high_dim_sparseish,,65.529,,2.0,8192.0,,,0.0,25.0,,2.5,,,,,,,,batch_stream_wrapper,,13960838.0,,30000.0,10.0,,,0.0,,,100197.85736,16.0,4968.0,30000.0,0.92325,-7.91939,0.2994,42.0,insertion-only,Kmeans_sweep
[Guha2002] Streaming k-means,0.99247,0.85472,1939787.22149,25.0,high_dim_sparseish,,259.95807,,,8192.0,,,,,,,,,,1.0,2.0,32.0,,,,17802698.0,,30000.0,,,,,32.0,,26330.61776,16.0,6656.0,30000.0,0.99333,-14.52714,1.13935,42.0,insertion-only,Kmeans_sweep
[Charikar2003] PLS KMeans,0.99247,0.85777,1946698.72712,25.0,high_dim_sparseish,,3.49897,3.0,,8192.0,,,,,25.0,,121875.28276,2026.0,0.5,,,,,,2.0,59459967.0,"[{'phase': 1, 'Li': 14.734297941093473, 'raw_start_index': 0, 'raw_consumed': 10857, 'summary_in_size': 0, 'summary_out_size': 10857, 'chunk_size': 8192, 'facility_cost': 0.0814304957277867, 'median_limit': 10857, 'cost_limit': 884.0578764656084, 'winner_processed_items': 10857, 'winner_raw_points_read': 10857, 'winner_num_centers': 10857, 'winner_cost': 0.0, 'num_parallel_runs': 21}, {'phase': 2, 'Li': 121875.28276544537, 'raw_start_index': 10857, 'raw_consumed': 19143, 'summary_in_size': 10857, 'summary_out_size': 2026, 'chunk_size': 8192, 'facility_cost': 673.5553151043367, 'median_limit': 10857, 'cost_limit': 7312516.965926723, 'winner_processed_items': 30000, 'winner_raw_points_read': 19143, 'winner_num_centers': 2026, 'winner_cost': 1289459.2057867646, 'num_parallel_runs': 21}]",30000.0,,,,,,,285.79772,16.0,421408.0,30000.0,0.9933,-14.2226,104.96934,42.0,insertion-only,Kmeans_sweep
KMeans(sk),0.91791,1.0,2026067.75,25.0,high_dim_sparseish,,,,,,,,,,,,,,,,,,,,,98045191.0,,30000.0,,,,,,,119565.02244,16.0,3121600.0,30000.0,0.97307,0.0,0.2509,77.0,insertion-only,Kmeans_sweep
[Ailon2009] Streaming k-means,0.68258,2.31851,4697477.0,25.0,high_dim_sparseish,Ailon2009 tuned (no refinement),259.47927,,,8192.0,1.0,3.0,,,,,,,,,,,48.0,,,5979922.0,,30000.0,,1.0,11.0,,,192.0,28736.61759,16.0,20736.0,30000.0,0.8315,131.85192,1.04396,77.0,insertion-only,Kmeans_sweep
[Boutsidis2014] RandomProj Streaming,0.79024,1.07988,2187920.71732,25.0,high_dim_sparseish,,25.78437,,2.0,8192.0,,,0.0,25.0,,2.5,,,,,,,,batch_stream_wrapper,,13960369.0,,30000.0,10.0,,,0.0,,,233989.64829,16.0,4968.0,30000.0,0.85421,7.98852,0.12821,77.0,insertion-only,Kmeans_sweep
[Guha2002] Streaming k-means,0.99241,0.95739,1939743.39103,25.0,high_dim_sparseish,,122.74912,,,8192.0,,,,,,,,,,1.0,2.0,32.0,,,,17802365.0,,30000.0,,,,,32.0,,57980.38098,16.0,6656.0,30000.0,0.99328,-4.26068,0.51741,77.0,insertion-only,Kmeans_sweep
[Charikar2003] PLS KMeans,0.99213,0.96198,1949042.6116,25.0,high_dim_sparseish,,2.90017,3.0,,8192.0,,,,,25.0,,116676.79322,2136.0,0.5,,,,,,2.0,59459718.0,"[{'phase': 1, 'Li': 14.734297941093473, 'raw_start_index': 0, 'raw_consumed': 10857, 'summary_in_size': 0, 'summary_out_size': 10857, 'chunk_size': 8192, 'facility_cost': 0.0814304957277867, 'median_limit': 10857, 'cost_limit': 884.0578764656084, 'winner_processed_items': 10857, 'winner_raw_points_read': 10857, 'winner_num_centers': 10857, 'winner_cost': 0.0, 'num_parallel_runs': 21}, {'phase': 2, 'Li': 116676.79322910255, 'raw_start_index': 10857, 'raw_consumed': 19143, 'summary_in_size': 10857, 'summary_out_size': 2136, 'chunk_size': 8192, 'facility_cost': 644.8253693904323, 'median_limit': 10857, 'cost_limit': 7000607.593746153, 'winner_processed_items': 30000, 'winner_raw_points_read': 19143, 'winner_num_centers': 2136, 'winner_cost': 1264835.0171879705, 'num_parallel_runs': 21}]",30000.0,,,,,,,344.80671,16.0,444288.0,30000.0,0.99296,-3.8017,87.00526,77.0,insertion-only,Kmeans_sweep
KMeans(sk),0.91264,1.0,2183846.75,25.0,high_dim_sparseish,,,,,,,,,,,,,,,,,,,,,98045358.0,,30000.0,,,,,,,74134.29674,16.0,3121600.0,30000.0,0.96921,0.0,0.40467,211.0,insertion-only,Kmeans_sweep
[Ailon2009] Streaming k-means,0.6995,2.32455,5076465.5,25.0,high_dim_sparseish,Ailon2009 tuned (no refinement),373.38539,,,8192.0,1.0,3.0,,,,,,,,,,,48.0,,,5979973.0,,30000.0,,1.0,11.0,,,192.0,19948.74767,16.0,20736.0,30000.0,0.82724,132.4552,1.50385,211.0,insertion-only,Kmeans_sweep
[Boutsidis2014] RandomProj Streaming,0.81041,0.95206,2079160.45161,25.0,high_dim_sparseish,,53.84257,,2.0,8192.0,,,0.0,25.0,,2.5,,,,,,,,batch_stream_wrapper,,13960461.0,,30000.0,10.0,,,0.0,,,120236.0956,16.0,4968.0,30000.0,0.88147,-4.79366,0.2495,211.0,insertion-only,Kmeans_sweep
[Guha2002] Streaming k-means,0.992,0.88837,1940064.55103,25.0,high_dim_sparseish,,190.60979,,,8192.0,,,,,,,,,,1.0,2.0,32.0,,,,17802368.0,,30000.0,,,,,32.0,,35108.27509,16.0,6656.0,30000.0,0.99304,-11.16297,0.85449,211.0,insertion-only,Kmeans_sweep
[Charikar2003] PLS KMeans,0.91866,0.93243,2036296.43394,25.0,high_dim_sparseish,,4.7761,3.0,,8192.0,,,,,25.0,,121804.65475,2022.0,0.5,,,,,,2.0,59459898.0,"[{'phase': 1, 'Li': 14.734297941093473, 'raw_start_index': 0, 'raw_consumed': 10857, 'summary_in_size': 0, 'summary_out_size': 10857, 'chunk_size': 8192, 'facility_cost': 0.0814304957277867, 'median_limit': 10857, 'cost_limit': 884.0578764656084, 'winner_processed_items': 10857, 'winner_raw_points_read': 10857, 'winner_num_centers': 10857, 'winner_cost': 0.0, 'num_parallel_runs': 21}, {'phase': 2, 'Li': 121804.6547573761, 'raw_start_index': 10857, 'raw_consumed': 19143, 'summary_in_size': 10857, 'summary_out_size': 2022, 'chunk_size': 8192, 'facility_cost': 673.1649827157602, 'median_limit': 10857, 'cost_limit': 7308279.2854425665, 'winner_processed_items': 30000, 'winner_raw_points_read': 19143, 'winner_num_centers': 2022, 'winner_cost': 1298331.2913398065, 'num_parallel_runs': 21}]",30000.0,,,,,,,209.37571,16.0,420576.0,30000.0,0.97308,-6.75644,143.28309,211.0,insertion-only,Kmeans_sweep
KMeans(sk),0.64514,1.0,140.90153,4.0,real_iris,,,,,,,,,,,,,,,,,,,,,29799.0,,150.0,,,,,,,21665.65556,3.0,3048.0,150.0,0.66128,0.0,0.00692,42.0,insertion-only,Kmeans_sweep
[Ailon2009] Streaming k-means,0.64403,1.36268,192.00387,4.0,real_iris,Ailon2009 tuned (no refinement),7.0317,,,8192.0,1.0,2.0,,,,,,,,,,,6.0,,,21246.0,,150.0,,1.0,6.0,,,6.0,18087.32562,3.0,144.0,150.0,0.66624,36.26812,0.00829,42.0,insertion-only,Kmeans_sweep
[Boutsidis2014] RandomProj Streaming,0.56345,0.99916,140.78455,4.0,real_iris,,4.79209,,2.0,8192.0,,,0.0,4.0,,2.5,,,,,,,,batch_stream_wrapper,,32299.0,,150.0,4.0,,,0.0,,,12751.41541,3.0,232.0,150.0,0.60928,-0.08301,0.01176,42.0,insertion-only,Kmeans_sweep
[Guha2002] Streaming k-means,0.60112,0.99493,140.18727,4.0,real_iris,,13.82419,,,8192.0,,,,,,,,,,1.0,2.0,32.0,,,,39747.0,,150.0,,,,,32.0,,4313.48077,3.0,1280.0,150.0,0.64787,-0.50692,0.03477,42.0,insertion-only,Kmeans_sweep
[Charikar2003] PLS KMeans,0.59233,0.99383,140.03275,4.0,real_iris,,0.50714,3.0,,8192.0,,,,,4.0,,0.02686,149.0,0.5,,,,,,1.0,692849.0,"[{'phase': 1, 'Li': 0.026864729671309817, 'raw_start_index': 0, 'raw_consumed': 150, 'summary_in_size': 0, 'summary_out_size': 149, 'chunk_size': 8192, 'facility_cost': 0.0014898441599395938, 'median_limit': 1082, 'cost_limit': 1.611883780278589, 'winner_processed_items': 150, 'winner_raw_points_read': 150, 'winner_num_centers': 149, 'winner_cost': 0.0, 'num_parallel_runs': 11}]",150.0,,,,,,,1971.83691,3.0,5960.0,150.0,0.64265,-0.61658,0.07607,42.0,insertion-only,Kmeans_sweep
KMeans(sk),0.64514,1.0,140.90153,4.0,real_iris,,,,,,,,,,,,,,,,,,,,,30055.0,,150.0,,,,,,,22054.60726,3.0,3048.0,150.0,0.66128,0.0,0.0068,77.0,insertion-only,Kmeans_sweep
[Ailon2009] Streaming k-means,0.45666,1.59351,224.52825,4.0,real_iris,Ailon2009 tuned (no refinement),6.5117,,,8192.0,1.0,2.0,,,,,,,,,,,6.0,,,18466.0,,150.0,,1.0,6.0,,,6.0,19850.45986,3.0,144.0,150.0,0.65482,59.35118,0.00755,77.0,insertion-only,Kmeans_sweep
[Boutsidis2014] RandomProj Streaming,0.4912,1.1414,160.82586,4.0,real_iris,,5.89809,,2.0,8192.0,,,0.0,4.0,,2.5,,,,,,,,batch_stream_wrapper,,32409.0,,150.0,4.0,,,0.0,,,12217.37146,3.0,232.0,150.0,0.51619,14.1406,0.01227,77.0,insertion-only,Kmeans_sweep
[Guha2002] Streaming k-means,0.61992,0.99356,139.99425,4.0,real_iris,,13.1243,,,8192.0,,,,,,,,,,1.0,2.0,32.0,,,,40160.0,,150.0,,,,,32.0,,4826.23929,3.0,1280.0,150.0,0.65884,-0.64391,0.03108,77.0,insertion-only,Kmeans_sweep
[Charikar2003] PLS KMeans,0.59233,0.99383,140.03275,4.0,real_iris,,0.83269,3.0,,8192.0,,,,,4.0,,0.02686,149.0,0.5,,,,,,1.0,692616.0,"[{'phase': 1, 'Li': 0.026864729671309817, 'raw_start_index': 0, 'raw_consumed': 150, 'summary_in_size': 0, 'summary_out_size': 149, 'chunk_size': 8192, 'facility_cost': 0.0014898441599395938, 'median_limit': 1082, 'cost_limit': 1.611883780278589, 'winner_processed_items': 150, 'winner_raw_points_read': 150, 'winner_num_centers': 149, 'winner_cost': 0.0, 'num_parallel_runs': 11}]",150.0,,,,,,,1200.92711,3.0,5960.0,150.0,0.64265,-0.61658,0.1249,77.0,insertion-only,Kmeans_sweep
KMeans(sk),0.64514,1.0,140.90153,4.0,real_iris,,,,,,,,,,,,,,,,,,,,,30087.0,,150.0,,,,,,,13517.16679,3.0,3048.0,150.0,0.66128,0.0,0.01109,211.0,insertion-only,Kmeans_sweep
[Ailon2009] Streaming k-means,0.74452,1.461,205.85791,4.0,real_iris,Ailon2009 tuned (no refinement),14.08799,,,8192.0,1.0,2.0,,,,,,,,,,,6.0,,,18539.0,,150.0,,1.0,6.0,,,6.0,9290.51438,3.0,144.0,150.0,0.77766,46.10054,0.01614,211.0,insertion-only,Kmeans_sweep
[Boutsidis2014] RandomProj Streaming,0.5316,0.99758,140.56098,4.0,real_iris,,8.9367,,2.0,8192.0,,,0.0,4.0,,2.5,,,,,,,,batch_stream_wrapper,,32639.0,,150.0,4.0,,,0.0,,,8358.17569,3.0,232.0,150.0,0.58529,-0.24169,0.01794,211.0,insertion-only,Kmeans_sweep
[Guha2002] Streaming k-means,0.59233,0.99489,140.18212,4.0,real_iris,,18.58319,,,8192.0,,,,,,,,,,1.0,2.0,32.0,,,,39484.0,,150.0,,,,,32.0,,3516.22385,3.0,1280.0,150.0,0.64265,-0.51057,0.04265,211.0,insertion-only,Kmeans_sweep
[Charikar2003] PLS KMeans,0.62013,0.99232,139.82049,4.0,real_iris,,0.87707,3.0,,8192.0,,,,,4.0,,0.02686,149.0,0.5,,,,,,1.0,692712.0,"[{'phase': 1, 'Li': 0.026864729671309817, 'raw_start_index': 0, 'raw_consumed': 150, 'summary_in_size': 0, 'summary_out_size': 149, 'chunk_size': 8192, 'facility_cost': 0.0014898441599395938, 'median_limit': 1082, 'cost_limit': 1.611883780278589, 'winner_processed_items': 150, 'winner_raw_points_read': 150, 'winner_num_centers': 149, 'winner_cost': 0.0, 'num_parallel_runs': 11}]",150.0,,,,,,,1140.15898,3.0,5960.0,150.0,0.65948,-0.76723,0.13156,211.0,insertion-only,Kmeans_sweep
KMeans(sk),0.07581,1.0,2170859.0,54.0,real_covertype,,,,,,,,,,,,,,,,,,,,,152805322.0,,50000.0,,,,,,,106654.08432,7.0,11001512.0,50000.0,0.15104,0.0,0.4688,42.0,insertion-only,Kmeans_sweep
[Ailon2009] Streaming k-means,0.01414,1.31452,2853644.75,54.0,real_covertype,Ailon2009 tuned (no refinement),170.67415,,,8192.0,1.0,2.0,,,,,,,,,,,14.0,,,4451071.0,,50000.0,,1.0,11.0,,,97.0,41607.00914,7.0,21728.0,50000.0,0.05591,31.45233,1.20172,42.0,insertion-only,Kmeans_sweep
[Boutsidis2014] RandomProj Streaming,0.04539,1.04935,2278003.85637,54.0,real_covertype,,71.78341,,2.0,8192.0,,,0.0,54.0,,2.5,,,,,,,,batch_stream_wrapper,,27623965.0,,50000.0,10.0,,,0.0,,,89020.92472,7.0,5520.0,50000.0,0.08788,4.93559,0.56166,42.0,insertion-only,Kmeans_sweep
[Guha2002] Streaming k-means,0.07722,1.00319,2177797.91479,54.0,real_covertype,,199.76014,,,8192.0,,,,,,,,,,3.0,2.0,32.0,,,,30540430.0,,50000.0,,,,,96.0,,33497.10514,7.0,42240.0,50000.0,0.14847,0.31963,1.49266,42.0,insertion-only,Kmeans_sweep
[Charikar2003] PLS KMeans,0.09664,1.00022,2171340.30148,54.0,real_covertype,,2.83487,3.0,,8192.0,,,,,54.0,,36274.27394,552.0,0.5,,,,,,2.0,73712680.0,"[{'phase': 1, 'Li': 2.1861857910505194, 'raw_start_index': 0, 'raw_consumed': 4969, 'summary_in_size': 0, 'summary_out_size': 4965, 'chunk_size': 8192, 'facility_cost': 0.02642285230309954, 'median_limit': 4965, 'cost_limit': 131.17114746303116, 'winner_processed_items': 4969, 'winner_raw_points_read': 4969, 'winner_num_centers': 4965, 'winner_cost': 0.0442796963717349, 'num_parallel_runs': 22}, {'phase': 2, 'Li': 36274.273947238515, 'raw_start_index': 4969, 'raw_consumed': 45031, 'summary_in_size': 4965, 'summary_out_size': 552, 'chunk_size': 8192, 'facility_cost': 438.42101016011316, 'median_limit': 4965, 'cost_limit': 2176456.436834311, 'winner_processed_items': 49996, 'winner_raw_points_read': 45031, 'winner_num_centers': 552, 'winner_cost': 238452.87158152714, 'num_parallel_runs': 22}]",50000.0,,,,,,,352.7488,7.0,242880.0,50000.0,0.17104,0.02217,141.74392,42.0,insertion-only,Kmeans_sweep
KMeans(sk),0.06367,1.0,2169687.0,54.0,real_covertype,,,,,,,,,,,,,,,,,,,,,152805322.0,,50000.0,,,,,,,67115.09392,7.0,11001512.0,50000.0,0.16732,0.0,0.74498,77.0,insertion-only,Kmeans_sweep
[Ailon2009] Streaming k-means,0.06256,1.28926,2797300.0,54.0,real_covertype,Ailon2009 tuned (no refinement),166.14692,,,8192.0,1.0,2.0,,,,,,,,,,,14.0,,,4443312.0,,50000.0,,1.0,11.0,,,98.0,42844.78397,7.0,21952.0,50000.0,0.13476,28.92643,1.167,77.0,insertion-only,Kmeans_sweep
[Boutsidis2014] RandomProj Streaming,0.0207,1.05923,2298197.95474,54.0,real_covertype,,53.13141,,2.0,8192.0,,,0.0,54.0,,2.5,,,,,,,,batch_stream_wrapper,,27623776.0,,50000.0,10.0,,,0.0,,,121699.80551,7.0,5520.0,50000.0,0.05289,5.92301,0.41084,77.0,insertion-only,Kmeans_sweep
[Guha2002] Streaming k-means,0.08709,1.00804,2187132.36511,54.0,real_covertype,,190.19458,,,8192.0,,,,,,,,,,3.0,2.0,32.0,,,,30537177.0,,50000.0,,,,,96.0,,35058.02207,7.0,42240.0,50000.0,0.17139,0.80404,1.4262,77.0,insertion-only,Kmeans_sweep
[Charikar2003] PLS KMeans,0.07117,0.99996,2169612.93071,54.0,real_covertype,,2.60175,3.0,,8192.0,,,,,54.0,,34441.4615,557.0,0.5,,,,,,2.0,73711408.0,"[{'phase': 1, 'Li': 2.1861857910505194, 'raw_start_index': 0, 'raw_consumed': 4970, 'summary_in_size': 0, 'summary_out_size': 4965, 'chunk_size': 8192, 'facility_cost': 0.02642285230309954, 'median_limit': 4965, 'cost_limit': 131.17114746303116, 'winner_processed_items': 4970, 'winner_raw_points_read': 4970, 'winner_num_centers': 4965, 'winner_cost': 0.06844088911518398, 'num_parallel_runs': 22}, {'phase': 2, 'Li': 34441.46150555116, 'raw_start_index': 4970, 'raw_consumed': 45030, 'summary_in_size': 4965, 'summary_out_size': 557, 'chunk_size': 8192, 'facility_cost': 416.26912689189504, 'median_limit': 4965, 'cost_limit': 2066487.6903330695, 'winner_processed_items': 49995, 'winner_raw_points_read': 45030, 'winner_num_centers': 557, 'winner_cost': 232670.6482477472, 'num_parallel_runs': 22}]",50000.0,,,,,,,384.35602,7.0,245080.0,50000.0,0.18466,-0.00341,130.08772,77.0,insertion-only,Kmeans_sweep
KMeans(sk),0.13774,1.0,2257010.5,54.0,real_covertype,,,,,,,,,,,,,,,,,,,,,152805406.0,,50000.0,,,,,,,66872.38395,7.0,11001512.0,50000.0,0.19797,0.0,0.74769,211.0,insertion-only,Kmeans_sweep
[Ailon2009] Streaming k-means,0.03928,1.17252,2646406.25,54.0,real_covertype,Ailon2009 tuned (no refinement),207.00985,,,8192.0,1.0,2.0,,,,,,,,,,,14.0,,,4442751.0,,50000.0,,1.0,11.0,,,98.0,34393.51101,7.0,21952.0,50000.0,0.05719,17.25272,1.45376,211.0,insertion-only,Kmeans_sweep
[Boutsidis2014] RandomProj Streaming,0.03867,1.00236,2262344.52603,54.0,real_covertype,,64.05872,,2.0,8192.0,,,0.0,54.0,,2.5,,,,,,,,batch_stream_wrapper,,27624411.0,,50000.0,10.0,,,0.0,,,98627.4608,7.0,5520.0,50000.0,0.07907,0.23633,0.50695,211.0,insertion-only,Kmeans_sweep
[Guha2002] Streaming k-means,0.05012,0.96435,2176565.48419,54.0,real_covertype,,261.649,,,8192.0,,,,,,,,,,3.0,2.0,32.0,,,,30538619.0,,50000.0,,,,,96.0,,26117.43306,7.0,42240.0,50000.0,0.14087,-3.56422,1.91443,211.0,insertion-only,Kmeans_sweep
[Charikar2003] PLS KMeans,0.06235,0.96358,2174813.12132,54.0,real_covertype,,1.59523,3.0,,8192.0,,,,,54.0,,34311.50221,573.0,0.5,,,,,,2.0,73711238.0,"[{'phase': 1, 'Li': 2.1861857910505194, 'raw_start_index': 0, 'raw_consumed': 4969, 'summary_in_size': 0, 'summary_out_size': 4965, 'chunk_size': 8192, 'facility_cost': 0.02642285230309954, 'median_limit': 4965, 'cost_limit': 131.17114746303116, 'winner_processed_items': 4969, 'winner_raw_points_read': 4969, 'winner_num_centers': 4965, 'winner_cost': 0.04578626752653747, 'num_parallel_runs': 22}, {'phase': 2, 'Li': 34311.50221093637, 'raw_start_index': 4969, 'raw_consumed': 45031, 'summary_in_size': 4965, 'summary_out_size': 573, 'chunk_size': 8192, 'facility_cost': 414.69840254583136, 'median_limit': 4965, 'cost_limit': 2058690.1326561822, 'winner_processed_items': 49996, 'winner_raw_points_read': 45031, 'winner_num_centers': 573, 'winner_cost': 239131.81526351793, 'num_parallel_runs': 22}]",50000.0,,,,,,,626.86666,7.0,252120.0,50000.0,0.1529,-3.64186,79.76177,211.0,insertion-only,Kmeans_sweep
KMeans(sk),0.27007,1.0,883887.9375,50.0,real_mnist_pca50,,,,,,,,,,,,,,,,,,,,,80885669.0,,20000.0,,,,,,,24623.30953,10.0,4082000.0,20000.0,0.40552,0.0,0.81223,42.0,insertion-only,Kmeans_sweep
[Ailon2009] Streaming k-means,0.02549,1.46754,1297141.25,50.0,real_mnist_pca50,Ailon2009 tuned (no refinement),295.89903,,,8192.0,1.0,3.0,,,,,,,,,,,30.0,,,3062731.0,,20000.0,,1.0,10.0,,,90.0,22283.77496,10.0,18720.0,20000.0,0.11781,46.75403,0.89751,42.0,insertion-only,Kmeans_sweep
[Boutsidis2014] RandomProj Streaming,0.05065,1.05443,932002.85175,50.0,real_mnist_pca50,,111.13373,,2.0,8192.0,,,0.0,50.0,,2.5,,,,,,,,batch_stream_wrapper,,11395424.0,,20000.0,10.0,,,0.0,,,55933.80792,10.0,6480.0,20000.0,0.10213,5.44355,0.35756,42.0,insertion-only,Kmeans_sweep
[Guha2002] Streaming k-means,0.27336,1.01247,894917.24284,50.0,real_mnist_pca50,,453.78736,,,8192.0,,,,,,,,,,2.0,2.0,32.0,,,,14636450.0,,20000.0,,,,,64.0,,13988.61019,10.0,26112.0,20000.0,0.45658,1.24781,1.42973,42.0,insertion-only,Kmeans_sweep
[Charikar2003] PLS KMeans,0.22726,1.01947,901105.33962,50.0,real_mnist_pca50,,4.82329,3.0,,8192.0,,,,,50.0,,48153.37628,1616.0,0.5,,,,,,2.0,66268696.0,"[{'phase': 1, 'Li': 16.124151265867734, 'raw_start_index': 0, 'raw_consumed': 6543, 'summary_in_size': 0, 'summary_out_size': 6543, 'chunk_size': 8192, 'facility_cost': 0.1478806775187921, 'median_limit': 6543, 'cost_limit': 967.449075952064, 'winner_processed_items': 6543, 'winner_raw_points_read': 6543, 'winner_num_centers': 6543, 'winner_cost': 0.0, 'num_parallel_runs': 20}, {'phase': 2, 'Li': 48153.37628780967, 'raw_start_index': 6543, 'raw_consumed': 13457, 'summary_in_size': 6543, 'summary_out_size': 1616, 'chunk_size': 8192, 'facility_cost': 441.63279002055503, 'median_limit': 6543, 'cost_limit': 2889202.57726858, 'winner_processed_items': 20000, 'winner_raw_points_read': 13457, 'winner_num_centers': 1616, 'winner_cost': 665415.9698068438, 'num_parallel_runs': 20}]",20000.0,,,,,,,207.32707,10.0,659328.0,20000.0,0.37626,1.94791,96.46593,42.0,insertion-only,Kmeans_sweep
KMeans(sk),0.2862,1.0,881818.9375,50.0,real_mnist_pca50,,,,,,,,,,,,,,,,,,,,,80885861.0,,20000.0,,,,,,,20071.8371,10.0,4082000.0,20000.0,0.4283,0.0,0.99642,77.0,insertion-only,Kmeans_sweep
[Ailon2009] Streaming k-means,0.02939,1.41024,1243582.75,50.0,real_mnist_pca50,Ailon2009 tuned (no refinement),296.4927,,,8192.0,1.0,3.0,,,,,,,,,,,30.0,,,3061840.0,,20000.0,,1.0,10.0,,,90.0,22299.82064,10.0,18720.0,20000.0,0.11102,41.02472,0.89686,77.0,insertion-only,Kmeans_sweep
[Boutsidis2014] RandomProj Streaming,0.05054,1.05961,934386.06194,50.0,real_mnist_pca50,,90.10446,,2.0,8192.0,,,0.0,50.0,,2.5,,,,,,,,batch_stream_wrapper,,11395081.0,,20000.0,10.0,,,0.0,,,63823.54067,10.0,6480.0,20000.0,0.08551,5.96121,0.31336,77.0,insertion-only,Kmeans_sweep
[Guha2002] Streaming k-means,0.30161,1.01266,892986.03531,50.0,real_mnist_pca50,,345.04163,,,8192.0,,,,,,,,,,2.0,2.0,32.0,,,,14636501.0,,20000.0,,,,,64.0,,18044.59885,10.0,26112.0,20000.0,0.46708,1.26637,1.10836,77.0,insertion-only,Kmeans_sweep
[Charikar2003] PLS KMeans,0.23662,1.02266,901805.93455,50.0,real_mnist_pca50,,5.14235,3.0,,8192.0,,,,,50.0,,48159.70714,1589.0,0.5,,,,,,2.0,66266937.0,"[{'phase': 1, 'Li': 16.124151265867734, 'raw_start_index': 0, 'raw_consumed': 6543, 'summary_in_size': 0, 'summary_out_size': 6543, 'chunk_size': 8192, 'facility_cost': 0.1478806775187921, 'median_limit': 6543, 'cost_limit': 967.449075952064, 'winner_processed_items': 6543, 'winner_raw_points_read': 6543, 'winner_num_centers': 6543, 'winner_cost': 0.0, 'num_parallel_runs': 20}, {'phase': 2, 'Li': 48159.707149327325, 'raw_start_index': 6543, 'raw_consumed': 13457, 'summary_in_size': 6543, 'summary_out_size': 1589, 'chunk_size': 8192, 'facility_cost': 441.6908527411951, 'median_limit': 6543, 'cost_limit': 2889582.4289596397, 'winner_processed_items': 20000, 'winner_raw_points_read': 13457, 'winner_num_centers': 1589, 'winner_cost': 669333.4396560569, 'num_parallel_runs': 20}]",20000.0,,,,,,,194.46359,10.0,648312.0,20000.0,0.39364,2.26656,102.84701,77.0,insertion-only,Kmeans_sweep
KMeans(sk),0.37406,1.0,883227.25,50.0,real_mnist_pca50,,,,,,,,,,,,,,,,,,,,,80885865.0,,20000.0,,,,,,,34380.37032,10.0,4082000.0,20000.0,0.49816,0.0,0.58172,211.0,insertion-only,Kmeans_sweep
[Ailon2009] Streaming k-means,0.07899,1.45984,1289375.0,50.0,real_mnist_pca50,Ailon2009 tuned (no refinement),267.29643,,,8192.0,1.0,3.0,,,,,,,,,,,30.0,,,3061789.0,,20000.0,,1.0,10.0,,,90.0,24754.61063,10.0,18720.0,20000.0,0.15617,45.98451,0.80793,211.0,insertion-only,Kmeans_sweep
[Boutsidis2014] RandomProj Streaming,0.05662,1.05335,930349.5318,50.0,real_mnist_pca50,,79.07749,,2.0,8192.0,,,0.0,50.0,,2.5,,,,,,,,batch_stream_wrapper,,11395212.0,,20000.0,10.0,,,0.0,,,73609.38078,10.0,6480.0,20000.0,0.0974,5.33523,0.2717,211.0,insertion-only,Kmeans_sweep
[Guha2002] Streaming k-means,0.2997,1.00999,892052.33521,50.0,real_mnist_pca50,,307.62356,,,8192.0,,,,,,,,,,2.0,2.0,32.0,,,,14636720.0,,20000.0,,,,,64.0,,19887.15036,10.0,26112.0,20000.0,0.46153,0.99918,1.00567,211.0,insertion-only,Kmeans_sweep
[Charikar2003] PLS KMeans,0.27431,1.01735,898553.19667,50.0,real_mnist_pca50,,5.19616,3.0,,8192.0,,,,,50.0,,48274.73684,1606.0,0.5,,,,,,2.0,66267107.0,"[{'phase': 1, 'Li': 16.124151265867734, 'raw_start_index': 0, 'raw_consumed': 6543, 'summary_in_size': 0, 'summary_out_size': 6543, 'chunk_size': 8192, 'facility_cost': 0.1478806775187921, 'median_limit': 6543, 'cost_limit': 967.449075952064, 'winner_processed_items': 6543, 'winner_raw_points_read': 6543, 'winner_num_centers': 6543, 'winner_cost': 0.0, 'num_parallel_runs': 20}, {'phase': 2, 'Li': 48274.736843550134, 'raw_start_index': 6543, 'raw_consumed': 13457, 'summary_in_size': 6543, 'summary_out_size': 1606, 'chunk_size': 8192, 'facility_cost': 442.74583348628755, 'median_limit': 6543, 'cost_limit': 2896484.210613008, 'winner_processed_items': 20000, 'winner_raw_points_read': 13457, 'winner_num_centers': 1606, 'winner_cost': 665585.1788756778, 'num_parallel_runs': 20}]",20000.0,,,,,,,192.44974,10.0,655248.0,20000.0,0.40566,1.73522,103.92323,211.0,insertion-only,Kmeans_sweep
